{"1a.rb":[0.16696030400089512,0.16393643599985808,0.1633571900001698,0.1653120660012064,0.16487709600005473,0.16339584100023785,0.16457534600158397,0.16328741700090177,0.16328831699865987,0.1636889000001247],"1b.rb":[0.10402228599923546,0.10359171900017827,0.1027083760000096,0.10218146900115244,0.10273617699931492,0.10218419699958758,0.10248575199875631,0.1031797750001715,0.10473682900010317,0.10143085200070345],"2a.rb":[0.0923601710001094,0.08983170999999857,0.08913277400097286,0.0897719180011336,0.08935113299958175,0.09041634399909526,0.08922143200106802,0.08898097999917809,0.08959367700117582,0.09085693000088213],"2b.rb":[0.11710046300140675,0.11408781899990572,0.11517957099931664,0.11502420600118057,0.1150274490009906,0.11531648900017899,0.11462892199961061,0.11515044800034957,0.11492196300059732,0.11540379899997788],"3a.rb":[0.08081309399858583,0.07668921899858105,0.07699425400096516,0.07693400900097913,0.07794112600095104,0.07765399299933051,0.07683136200103036,0.07795739299945126,0.07697053000083542,0.07758041000124649],"3b.rb":[0.09930471500047133,0.09651755699997011,0.09869690100094886,0.09800417000042216,0.09859861499899125,0.09729730599974573,0.0971739520009578,0.09753707600066264,0.09687378899980104,0.09654386500005785],"4a.rb":[0.13467553699956625,0.1325714260001405,0.13241428099900077,0.13160751800023718,0.1327213019994815,0.1326469689993246,0.13234724599897163,0.1322236050000356,0.13197745500110614,0.13230141100029869],"4b.rb":[0.3994021439993958,0.3976223560002836,0.39998663000005763,0.4003971610000008,0.4039335180004855,0.407525810000152,0.4000041599992983,0.4022634419998212,0.39698283200050355,0.3992840070004604],"5a.rb":[0.27569439800026885,0.2727374320002127,0.27378252999915276,0.27598127700002806,0.2711731729996245,0.27429355200001737,0.2750561509983527,0.27713399099957314,0.2706341560005967,0.27448957999877166],"5b.rb":[0.5323475929999404,0.5387512770012108,0.5310809080001491,0.5344216719986434,0.5430142490004073,0.5260841790004633,0.5312921759996243,0.5342611569994915,0.5326608849991317,0.5343648200014286],"6.rb":[0.2955197830015095,0.28120550499988894,0.28632172600009653,0.28311500800009526,0.2843887389990414,0.2801275159999932,0.2799066879997554,0.27921004199924937,0.2792916310008877,0.28233298799932527],"7a.rb":[0.16382084200085956,0.16120245199999772,0.16271094200055813,0.16097736800111306,0.16362245599884773,0.16159185000105936,0.16101227999934054,0.16187674700086063,0.16029444199921272,0.16412245799983793],"7b.rb":[0.26185546399938175,0.25896937099969364,0.26119842499974766,0.2589000749994739,0.260165274999963,0.25817248999919684,0.2602495680002903,0.2609346810004354,0.2609334270000545,0.25661914800002705],"8a.rb":[0.13700344700009737,0.13534666700070375,0.13576512000145158,0.13426719599920034,0.13405343100021128,0.13350850900133082,0.133353277000424,0.13477033900016977,0.13307389600049646,0.13431951199891046],"8b.rb":[0.14479065600062313,0.143786941000144,0.1424484820017824,0.14332745100000466,0.14355823200094164,0.14425782400030585,0.1442255589990964,0.14328763999947114,0.143297487999007,0.14324677900003735],"9.rb":[0.136635576000117,0.1348456409996288,0.13560346300073434,0.13369132299885678,0.13652137300050526,0.13451336700018146,0.13273890200071037,0.13539069199941878,0.13531788599902939,0.13474067599963746],"10a.rb":[0.09514676600156236,0.09292579199973261,0.09313685899905977,0.09144106599887891,0.09369112500098709,0.09415991899913934,0.09273150800072472,0.09100202700028603,0.09172922300058417,0.0923514209989662],"10b.rb":[0.18282638600067003,0.180229634999705,0.1802101129997027,0.18133039299937082,0.18139964200054237,0.179279547999613,0.1809500859999389,0.1826669870006299,0.18025586500152713,0.17997217799893406],"11.rb":[0.806289697999091,0.8063758259995666,0.8055338169997412,0.8054733890003263,0.8099349170006462,0.813919182999598,0.7970175980008207,0.8038314030000038,0.8059356360008678,0.7965994349997345],"12a.rb":[0.15217117499923916,0.1521114970000781,0.15099102800013497,0.15234570500069822,0.15142843200010248,0.15140825900016353,0.14998508999997284,0.15308766799898876,0.15141651799967804,0.1505356439993193],"12b.rb":[0.18047975399895222,0.17878252300033637,0.1793215470006544,0.1773651420007809,0.18026900100085186,0.17833377600072708,0.17671903900009056,0.18115295999996306,0.17790012700061197,0.17857281400029024],"13a.rb":[0.20655997799985926,0.20405192100042768,0.19981817299958493,0.20202228299967828,0.19205268199948478,0.20202641799915,0.2045876069987571,0.2032298960002663,0.18992712699946424,0.20395878899944364],"13b.rb":[0.4660631039987493,0.4479590199989616,0.4601402230000531,0.446855370000776,0.46045640100055607,0.4541447550000157,0.46469482599968615,0.46266418900086137,0.44682377699973586,0.4457820739989984],"14a.rb":[0.6833299270001589,0.672890424999423,0.6878617219990701,0.6726853989985102,0.6900269849993492,0.6967000649983675,0.6935558099994523,0.6779124420008884,0.6814236150003126,0.6792962979998265],"14b.rb":[0.9812303139988217,0.9830808610004169,0.9823014250014239,0.9830830930004595,0.9764252679997298,0.9794562339993718,0.9826714049995644,1.002405125000223,0.9910917119996157,0.9799388270002964],"15a.rb":[2.1650056910002604,2.1656323629995313,2.1455099639988475,2.1629444079990208,2.2427756580000278,2.1358030640003562,2.148482092999984,2.200244453999403,2.1560819469996204,2.1387036470005114],"15b.rb":[1.295170072999099,1.2785007920010685,1.2769521110003552,1.2765807100004167,1.2741205049987911,1.2758019829998375,1.2734638410001935,1.2757770360003633,1.2782493920003617,1.2750242160000198],"16a.rb":[0.3634066819995496,0.3586070059991471,0.3621908019995317,0.362022587998581,0.36246908599969174,0.35958085599850165,0.3581843400006619,0.36305210099999385,0.36181633500018506,0.361640281000291],"16b.rb":[8.941934943999513,8.95789361199968,8.89886622800077,9.51656714300043,8.90665532499952,8.892812490999859,8.924213755999517,8.960066562000065,9.024514120999811,8.912896705998719],"17a.rb":[0.10521914600030868,0.10154866500124626,0.10358670700043149,0.10293551700124226,0.10297410900057002,0.10298945099930279,0.10417492899978242,0.10336835400084965,0.10261707300014677,0.10287078900000779],"17b_no_buffer.rb":[0.5901860799986025,0.5876351619990601,0.5868282950013963,0.5894005439986358,0.5885013950010034,0.5892007900001772,0.5882458709984348,0.5879253540006175,0.5879495909994148,0.5879005930000858],"18a.rb":[0.11044869199940877,0.10936684999978752,0.10825866699997277,0.10849341799985268,0.10867095300091023,0.10844053800065012,0.10972830100035935,0.10834295499989821,0.10856011699979717,0.10894837700107018],"18b.rb":[0.8057310320000397,0.7885618279997288,0.7956612810012302,0.8137915320003231,0.8029644159996678,0.7933842450001976,0.8008153330010828,0.7947824879993277,0.9152895730003365,0.7934985430001689],"19.rb":[0.5331422740000562,0.526506934000281,0.5282245310008875,0.5283890840000822,0.5317662189991097,0.5319136739999522,0.5304644920015562,0.5315641849992971,0.5320676480005204,0.5294600450015423],"20a.rb":[2.1713329199992586,2.189331190998928,2.1526895970000623,2.1655991269999504,2.159347083999819,2.169106950999776,2.168683926000085,2.1497964469999715,2.21718146800049,2.157793906000734],"20b.rb":[5.081864877000044,5.0467308619990945,5.063765846000024,5.0387515559996245,5.447391633000734,5.067668431998754,5.069610984999599,5.091085665999344,5.046186644000045,5.054620074999548],"21.rb":[3.624445895999088,3.8552859559986246,3.67745621100039,3.6841428200004884,4.022241558001042,3.6816803800011257,3.684726089999458,3.75653345200044,3.649618551999083,3.6774834810003085],"22a.rb":[0.2812476250001055,0.27653465299954405,0.27898963700135937,0.2757583689999592,0.27813887299998896,0.27497630399921036,0.2788566189992707,0.27686393200019666,0.2772792239993578,0.2751172600001155],"22b.rb":[2.8508423889998085,2.8386517969993292,2.8805625299992244,2.551889927999582,2.5599703560001217,2.842509500000233,2.8333082369990734,2.5482642670012865,2.5923494300004677,2.843926900999577],