{"1a.rb":[0.04374645800089638,0.041638500999397365,0.04123808599979384,0.04119262099993648,0.041565933999663685,0.041151934001391055,0.04103267699974822,0.040770154000711045,0.04156168499866908,0.04105321300085052],"1b.rb":[0.04081617999872833,0.040076536000924534,0.039478765000239946,0.040550583000367624,0.039898242999697686,0.0406380900003569,0.03987180200056173,0.03969373700056167,0.0395854620001046,0.039319092998994165],"2a.rb":[0.04157703500095522,0.03921724400061066,0.039512168999863206,0.03941173999919556,0.0393072229999234,0.04034153300017351,0.039221672999701696,0.03937462900103128,0.039872654000646435,0.039770284998667194],"2b.rb":[0.041621986998507055,0.03904317999877094,0.03939322299993364,0.03963556700000481,0.0406359730004624,0.04003373500017915,0.039561794999826816,0.03972355800033256,0.03989464799997222,0.03999914800078841],"3a.rb":[0.04190837299938721,0.04002959399986139,0.03908879999835335,0.039253835999261355,0.041122145999906934,0.04018350499973167,0.03943928999979107,0.03983201399933023,0.03995295799904852,0.039356739000140806],"3b.rb":[0.04253225800130167,0.04021788199861476,0.04038945100001001,0.039841612000600435,0.03953736900075455,0.03982066199932888,0.039885239999421174,0.039898519000416854,0.04004440300013812,0.03943379900010768],"4a.rb":[0.04346010200060846,0.041043929999432294,0.04066414200133295,0.04016117699939059,0.04048766099913337,0.0405017470002349,0.04005746700022428,0.04134267900008126,0.04068718500093382,0.04042099199978111],"4b.rb":[0.04599906600014947,0.04557625500092399,0.04527015699932235,0.04447664200051804,0.0457726550012012,0.04491904899987276,0.045376096000836696,0.0454123610015813,0.045430856000166386,0.04584971999975096],"5a.rb":[0.08300975600104721,0.07975374600027862,0.07961308200174244,0.08067881799979659,0.08050370700038911,0.0799921390007512,0.07967753400043875,0.0794822589996329,0.08030913500078896,0.08003503200052364],"5b.rb":[3.3189523509990977,3.29388490600104,3.324503383000774,3.2945121899992955,3.279806213999109,3.3536786450004,3.2907588349989965,3.320947481000985,3.275048665000213,3.3661191449991748],"6.rb":[0.08940671799973643,0.08617297699856863,0.08811848199911765,0.0881253370007471,0.08738372399966465,0.0862442200013902,0.08629504199961957,0.08526775100108352,0.08418333500048902,0.08399379000002227],"7a.rb":[0.04377556100007496,0.04268138000043109,0.042461674000151106,0.042222993999530445,0.04460745200049132,0.04448496400073054,0.0448322600004758,0.04265007200046966,0.043030894001276465,0.042651661000491004],"7b.rb":[0.046662312999615096,0.04642489900106739,0.04607113699967158,0.04492995799955679,0.046428843999819946,0.04698546100007661,0.04752693999944313,0.0452165659989987,0.04494452099970658,0.0450273290007317],"8a.rb":[0.04265705000034359,0.041398051998839946,0.041829585999948904,0.04144476500005112,0.041552790000423556,0.04264459300065937,0.0420083409990184,0.04122684000139998,0.0417310009997891,0.04126977300074941],"8b.rb":[0.04352015500080597,0.04574812600003497,0.04214415000024019,0.04207009600031597,0.04144553900005121,0.04177217500000552,0.04210966999926313,0.04164624300028663,0.041811545999735245,0.041474539999398985],"9.rb":[0.043759389000115334,0.04197899700011476,0.04191326200088952,0.04205868400094914,0.04229223599941179,0.04281173200070043,0.042187191000266466,0.04216455799905816,0.042817647999982,0.04245006400014972],"10a.rb":[0.04070940800011158,0.03927420099898882,0.04079752600046049,0.03967065899996669,0.03952190800009703,0.03976902999966114,0.03947580400017614,0.039206766999996034,0.03983041600076831,0.03881609000018216],"10b.rb":[0.04693205100011255,0.04603127799964568,0.04695231100049568,0.046074917998339515,0.04678264199901605,0.04630486300084158,0.04599963799955731,0.04600512500110199,0.04624858800161746,0.04687335699964024],"11.rb":[13.800308259000303,13.80130367899983,13.80141284399906,13.8308974520005,13.858000213000196,13.78304005300015,13.793475766000483,13.831064129999504,13.868990437998946,13.807576705999963],"12a.rb":[0.04414201299914566,0.043274358999042306,0.04252700500001083,0.04435056399961468,0.042482634000407415,0.04296568300014769,0.043158477999895695,0.04321389899996575,0.04262086700146028,0.04338969700074813],"12b.rb":[0.04375659700053802,0.0430775069999072,0.04339988899846503,0.04307354999946256,0.04427045100055693,0.043353661998480675,0.042967784000211395,0.0440875149997737,0.04450651600018318,0.043699357000150485],"13a.rb":[0.04306149999865738,0.043094643000586075,0.04310871100096847,0.04222805500103277,0.042892584000583156,0.04279601099915453,0.04227340999932494,0.04262524200021289,0.04314625699953467,0.04254067799956829],"13b.rb":[1.8256178379997436,1.8089731740001298,1.8412358780005889,1.835523136998745,1.8640655119997973,1.832346653998684,1.814410869999847,1.8253962540002249,1.82134189899989,1.830698929999926],"14a.rb":[0.2125864139998157,0.21168552599920076,0.21238724599970737,0.20971014399947308,0.210172187000353,0.2140520570010267,0.21101392200034752,0.2095391210004891,0.2115220119994774,0.2101298380002845],"14b.rb":[0.24550452099902031,0.2432395549985813,0.24278366200087476,0.24679547999949136,0.242938077000872,0.2439443900002516,0.2436953820015333,0.2435918640003365,0.24762578599984408,0.2427332600000227],"15a.rb":[15.69247975899998,15.607002877999548,15.56277981600033,15.484399021999707,15.550746245999107,15.567533344001276,15.162376317999588,15.72049873099968,15.60588465299952,15.693252528000812],"15b.rb":[8.878965596000853,8.73863911800072,8.740036761000738,8.88667306699972,8.739949167000304,8.73680861899993,8.74174633199982,8.737110746000326,8.872143409000273,8.950107556000148],"16a.rb":[0.052500148998660734,0.05038437199982582,0.05116748299951723,0.05123361699952511,0.050700716999926954,0.05057522500101186,0.05050064500028384,0.051227874000687734,0.05152608099888312,0.050143159000072046],"16b.rb":[19.47917043199959,19.46285361000082,19.46541224700013,19.58064697699956,19.750381492000088,19.484762632999264,19.687370191999435,19.45428313500088,19.67166996100059,19.771568551999735],"17a.rb":[0.0412843599988264,0.03937062099976174,0.039590151000084006,0.03961650399833161,0.03970949399990786,0.04050208599983307,0.040113261000442435,0.04004463199999009,0.03990867600077763,0.03995495799972559],"17b_no_buffer.rb":[3.0255739189997257,3.031856419000178,3.0226688709990412,3.0187373619992286,3.009172545000183,3.0587754909993237,2.9993404619999637,3.006361895999362,3.0365290439985984,3.0626470930001233],"18a.rb":[0.043703393999749096,0.04119381999953475,0.041969772000811645,0.0412977169999067,0.041913719000149285,0.041423587999815936,0.042309598000429105,0.041408763001527404,0.04146257599859382,0.04168161200141185],"18b.rb":[0.07603464299972984,0.07712906600136193,0.07602670000051148,0.07645433899961063,0.07611946199904196,0.07536292400072853,0.07612825199976214,0.07576400300058594,0.07625648400062346,0.07504617899940058],"19.rb":[0.06950955199863529,0.0676783710005111,0.06727854299970204,0.0679566929993598,0.06735820299945772,0.06806362099996477,0.06717265100087388,0.06689444500079844,0.06744176199936192,0.06789565400140418],"20a.rb":[3.4235694229992077,3.338640422000026,3.3370561090014235,3.3642268180010433,3.3658693190009217,3.3528436010001315,3.33749798899953,3.4046050239994656,3.3456229779985733,3.3547469730001467],"20b.rb":[2.0859046210007364,2.0794131900001958,2.1078988799999934,2.1251574919988343,2.0987694339983136,2.0987157609997666,2.1125460019993625,2.0900910579985066,2.0832538359991304,2.1162849360007385],"21.rb":[3.426238015999843,3.4116840820006473,3.384571540000252,3.3930154650006443,3.3935414600000513,3.421015798001463,3.4007987570003024,3.4178173370000877,3.4078088930000376,3.424099952000688],"22a.rb":[0.06432027000118978,0.06292861699876084,0.06276244399850839,0.06432064799992077,0.0621146929988754,0.06273774299916113,0.06211997999889718,0.06277373400007491,0.06261100299889222,0.06270724900059577],