{"1a.rb":[0.031938415000695386,0.03347692199895391,0.032201595000515226,0.032298059999448014,0.03231009999944945,0.032351967000067816,0.03279965600086143,0.032598030998997274,0.032635153000228456,0.03257343800032686],"1b.rb":[0.03150412400100322,0.03272128299977339,0.03173118599988811,0.03148780300034559,0.03193142199961585,0.031528780000371626,0.03137058100037393,0.031244543999491725,0.03201933299897064,0.031517151999651105],"2a.rb":[0.031088650999663514,0.033202755001184414,0.03163794099964434,0.031701042000349844,0.030733061999853817,0.03167258100074832,0.030941619999794057,0.031365877999633085,0.030827761998807546,0.03168588599874056],"2b.rb":[0.03362265400028264,0.03434879499945964,0.03571108600044681,0.03375355999924068,0.031161896000412526,0.031960939999407856,0.03229274600016652,0.03181554799994046,0.03219619499941473,0.03121092800029146],"3a.rb":[0.030998102000012295,0.031378110999867204,0.03085287599969888,0.0312549720001698,0.031825400001253,0.030640975999631337,0.03182722500059754,0.030856353001581738,0.031487244999880204,0.03174226299961447],"3b.rb":[0.03265990900035831,0.03210225400107447,0.032164864998776466,0.03226382999855559,0.03233044400076324,0.03156223499900079,0.033078724998631515,0.03118932899997162,0.032443074000184424,0.031672829998569796],"4a.rb":[0.03288643399901048,0.032882047999009956,0.03223285700005363,0.032363541000449914,0.03235662099905312,0.03321748499911337,0.031709578001027694,0.032020303999161115,0.031921218000206864,0.03189646200007701],"4b.rb":[0.037719545000072685,0.036941160000424134,0.03694958900086931,0.037338647000069614,0.0368404439996084,0.03711674199985282,0.036540172000968596,0.03699874899939459,0.03711125900008483,0.036931504000676796],"5a.rb":[0.07319772200025909,0.07334588300000178,0.07360565000089991,0.07408170900089317,0.07348760300010326,0.07372248299907369,0.07349674299985054,0.07345019200147362,0.0736147349998646,0.07438087700029428],"5b.rb":[3.526865710000493,3.5252788299985696,3.4825981449994288,3.4901233919990773,3.496146064999266,3.4939962110001943,3.482124088999626,3.483464083999934,3.516725972000131,3.5042230149992974],"6.rb":[0.07519093500013696,0.0747780719993898,0.07476326300093206,0.07487815100103035,0.07509217000006174,0.07658769399859011,0.0742918389987608,0.07531495199873461,0.07571860899952298,0.0759923580008035],"7a.rb":[0.03346156299994618,0.03391290400031721,0.034066255000652745,0.034246638000695384,0.03357219499957864,0.0340189439993992,0.03373642800033849,0.03353525000056834,0.033333875000607804,0.034249391001139884],"7b.rb":[0.0380466950009577,0.038545609000721015,0.038264479000645224,0.03838199399979203,0.03899500199986505,0.03802337799970701,0.03772301599929051,0.03819314499924076,0.039044399998601875,0.037984098999004345],"8a.rb":[0.03290386000116996,0.03366735899908235,0.03478338899913069,0.033416973001294537,0.03283982100037974,0.03316397999878973,0.033249108000745764,0.032632877000651206,0.03281999799946789,0.03323703600108274],"8b.rb":[0.0329795390007348,0.0336467890010681,0.034346006001214846,0.033679084001050796,0.03334947599978477,0.03367875199910486,0.03330477099916607,0.03355516200099373,0.03357158700055152,0.03320521500063478],"9.rb":[0.0339287909991981,0.03517170099985378,0.03435247400011576,0.03412811199996213,0.034141054000428994,0.03466311699958169,0.034521564999522525,0.03452572199967108,0.03441921499870659,0.03384174399980111],"10a.rb":[0.0309692709997762,0.03136112799984403,0.031042164999234956,0.03070617299999867,0.031213259999276488,0.03177168900037941,0.0314521069994953,0.031547291999231675,0.03141846799917403,0.031204054001136683],"10b.rb":[0.0380072759999166,0.0376729500003421,0.03733240500150714,0.036894856000799336,0.03709994700147945,0.037577733000944136,0.03739352599950507,0.037521898999330006,0.03786105800099904,0.03767312600029982],"11.rb":[14.33678108300046,14.173340718998588,14.367986968998594,14.35491832200023,14.322446838999895,14.342367259001549,14.325295765000192,14.349860367001384,14.338353360000838,14.281140565999522],"12a.rb":[0.03445563899913395,0.035438226001133444,0.0363853629987716,0.03618267599995306,0.03534086599938746,0.035087455000393675,0.03549713000029442,0.035428578999926685,0.03491857900007744,0.03625850400021591],"12b.rb":[0.03709828300088702,0.036990395999964676,0.03655695300039952,0.03642171299907204,0.03588375300023472,0.03557351299969014,0.035864149998815265,0.03651763899870275,0.0359625290002441,0.0366818050006259],"13a.rb":[0.03501446500013117,0.03503562200057786,0.034461543000361416,0.03415207500074757,0.03469550599947979,0.034560545000204,0.03383891000157746,0.0341666919994168,0.03371914399940579,0.0342919399990933],"13b.rb":[1.79648093600008,1.7895474580000155,1.7905232830016757,1.7920133540010283,1.7979624190011236,1.7932401199996093,1.796312337000927,1.8413149190000695,1.7969788820009853,1.7880526369990548],"14a.rb":[0.20037821199912287,0.19925159199920017,0.2007419640012813,0.20109744399996998,0.19988124999872525,0.19848990199898253,0.1997747219993471,0.2020907799997076,0.19859478900070826,0.197897539999758],"14b.rb":[0.23365675500099314,0.2366608409993205,0.2359941920003621,0.23302615899956436,0.2358995769991452,0.23351812900000368,0.234294748001048,0.23472751100052847,0.2302689759999339,0.23754687099972216],"15a.rb":[15.988849796000068,16.048187386999416,16.31127859100161,16.012472700998842,16.03437919299904,16.010317085998395,15.99339886999951,16.030447184999502,16.0122383429989,15.646041160000095],"15b.rb":[9.407446373999846,9.461878854999668,9.4156747119996,9.435403436000342,9.42352856800062,9.507741048000753,9.574529309000354,9.471933767999872,9.407983749000778,9.390938925000228],"16a.rb":[0.04122035799991863,0.04196941299960599,0.0417709819994343,0.042193392999251955,0.042479030998947565,0.04213396900013322,0.04226111900061369,0.042101668999748654,0.041938554000807926,0.042323872999986634],"16b.rb":[22.670434395000484,22.896573650999926,22.5979077890006,22.84074596100072,22.675785714000085,22.499161941001148,23.080349343999842,22.628394736999326,22.77357824899991,22.70593808599915],"17a.rb":[0.030978359000073397,0.03132707700024184,0.031210181999995257,0.03144441600124992,0.031149608999839984,0.03201570700002776,0.03197729000021354,0.031246777998603648,0.031571506000545924,0.032071620000351686],"17b_no_buffer.rb":[3.155108757000562,3.149347090999072,3.087475500000437,3.0658187019998877,3.0605487299999368,3.0469882910001616,3.166505548000714,3.1466122750007344,3.0803511869999056,3.086339302999477],"18a.rb":[0.032917971000642865,0.034467760000552516,0.03430056700017303,0.0338206269989314,0.03376649500023632,0.033873399001095095,0.033683182000459055,0.032868469001186895,0.03313593600068998,0.03261980499883066],"18b.rb":[0.07689926400053082,0.0798758060009277,0.07744095799898787,0.07639948100040783,0.07659461299954273,0.07639366100011102,0.0770498250003584,0.07654130300034012,0.07786380299876328,0.0765222760001052],"19.rb":[0.06273048399998515,0.06374361199959822,0.06341301400061639,0.06348008799977833,0.06352461300048162,0.06419733100119629,0.0637236539987498,0.06397874899994349,0.06539754400000675,0.0635309799999959],"20a.rb":[3.3693364299997484,3.471323055000539,3.4691576850000274,3.373648200999014,3.3765043599996716,3.3809902249995503,3.443041610998989,3.422717286999614,3.380011261000618,3.4465087379994657],"20b.rb":[2.1216473820004467,2.1221799119994103,2.097042297000371,2.1005305610015057,2.1075137099996937,2.112331333999464,2.1025265509997553,2.1061516770005255,2.0987557349999406,2.0912137100003747],"21.rb":[3.3867021539990674,3.3979173759998957,3.3875757589994464,3.3613211889987724,3.383200381000279,3.3961616850010614,3.3378959159999795,3.38598458100023,3.4001864419988124,3.4240005489991745],"22a.rb":[0.05609215100048459,0.05428799099900061,0.05360575699887704,0.05463408499963407,0.05384500999934971,0.05436541000017314,0.05339579100109404,0.055024092000167,0.05446612000014284,0.0535071730009804],