{"1a.rb":[0.09474424899963196,0.09291272900009062,0.09278443199946196,0.09327444100017601,0.0932265390001703,0.09934635200079356,0.09312287299871969,0.09319282500109694,0.09447622600055183,0.09299326600012137],"1b.rb":[0.09607604499979061,0.09396911700059718,0.09385174499948334,0.09303722500044387,0.09312792099990475,0.0932593760007876,0.09257540399994468,0.09297435900043638,0.09407994799948938,0.09333329599940043],"2a.rb":[0.18726720300037414,0.1843415659986931,0.18616796000060276,0.18376001499927952,0.18679459300074086,0.18572842799949285,0.18584194200047932,0.18387399499988533,0.18462996699963696,0.05423269599850755],"2b.rb":[0.08737343699976918,0.08631466600127169,0.0858883800010517,0.08602351999979874,0.08708440400005202,0.0865366219986754,0.08702706599979138,0.08659137699942221,0.08565382400047383,0.08642411700020602],"3a.rb":[0.18689571200047794,0.18718346700006805,0.18423295200045686,0.18509626400009438,0.1854781340007321,0.1848437169992394,0.18511263799882727,0.18490612499954295,0.18565185500119696,0.1843861889992695],"3b.rb":[0.19720248999874457,0.1972719369987317,0.19537483600106498,0.19604337199962174,0.19629122599872062,0.19579909599997336,0.19614824699965538,0.19692897499953688,0.1996144019994972,0.19499244899998303],"4a.rb":[0.1434730140008469,0.1399854779992893,0.1405209009990358,0.14025329600008263,0.14089803099886922,0.05367153799852531,0.1409924380004668,0.13982966700132238,0.14035588899969298,0.1412467040008778],"4b.rb":[0.10882423899965943,0.10551296199992066,0.10617596100019,0.10572628299996722,0.10603242800061707,0.1064738490003947,0.10934666100001778,0.11273937700025272,0.10788442400007625,0.053873647999353125],"5a.rb":[0.19389054299972486,0.1860617860002094,0.18671777800045675,0.18549766300020565,0.18709264300014183,0.18532971600143355,0.18602992500018445,0.1868112669999391,0.1863925100005872,0.18610748600076477],"5b.rb":[3.1240086880006857,3.1333315369993215,3.1304054649990576,3.1306624910012033,3.1428212659993733,3.1233956730011414,3.1560874129991134,3.1679821439993248,3.1985209080012282,3.2062897169998905],"6.rb":[0.13832162499966216,0.13391175899960217,0.13451335299942002,0.13063042199974007,0.13244242399923678,0.13176023099913436,0.13063970999974117,0.13131725099992764,0.13229931000023498,0.13227584900050715],"7a.rb":[0.05631488299877674,0.05435861399928399,0.12558415700004844,0.12522307299877866,0.1251816640015022,0.12601255899971875,0.12559450999833643,0.12517684900012682,0.1255138859996805,0.12523120399964682],"7b.rb":[0.14459416799945757,0.14201392600079998,0.14250422499935667,0.14201809900077933,0.1430607530000998,0.1418997720011248,0.14169045999915397,0.14586879000125919,0.1413108029992145,0.14197154400062573],"8a.rb":[0.29940824000004795,0.053810838999197586,0.2980542339992098,0.2986397410004429,0.2994525279991649,0.29599691499970504,0.05396964099963952,0.30004973900031473,0.2972947670004942,0.2978033920007874],"8b.rb":[0.28853512200112164,0.2876442019987735,0.28582628199910687,0.28911626700028137,0.2858793550003611,0.2894004970003152,0.2865068800001609,0.2896043559994723,0.2886791299988545,0.28876838399992266],"9.rb":[0.14185071999963839,0.13953592399957415,0.1394513499999448,0.14044930199997907,0.13925809300053515,0.1401360410000052,0.13890548599920294,0.14130100299917103,0.14000880699859408,0.14015357599964773],"10a.rb":[0.18753928899968741,0.18530360300064785,0.18560723700102244,0.18475835000026564,0.18642320800063317,0.18591695400027675,0.18535485899883497,0.05445979000069201,0.18677590300103475,0.1852649600004952],"10b.rb":[0.14190660399981425,0.13839038300102402,0.14028404999953636,0.13851675399928354,0.05555893100063258,0.13957392599877494,0.05627773800006253,0.1405235049987823,0.14153658199938945,0.1398163480007497],"11.rb":[14.132544893998784,14.338381462999678,14.155721567,14.172378515999299,14.150524405000397,14.176389649999692,14.09530340299898,14.195086771000206,14.728591764998782,14.318855289999192],"12a.rb":[0.12377929099966423,0.1225560349994339,0.12168986399956339,0.12096071500127437,0.1224749030006933,0.12233064800057036,0.12191490300028818,0.12249276000147802,0.12159902099847386,0.12279086700073094],"12b.rb":[0.08811669300121139,0.0854580689992872,0.08501990799959458,0.08577088200036087,0.08456711399958294,0.08531437300007383,0.08644425700003922,0.08515463299954718,0.08553704800033302,0.05372137999984261],"13a.rb":[0.11839056300050288,0.05373580800005584,0.11241852700004529,0.05320276800011925,0.11439104000055522,0.11238053399938508,0.11277743299979193,0.11241674999837414,0.11252262099878863,0.11432990200046333],"13b.rb":[1.4668064420002338,1.472827715000676,1.4690330440007529,1.4685572420003155,1.6493180730012682,1.4645730299998831,1.465625804999945,1.4670978960002685,1.467598461000307,1.6399841839993314],"14a.rb":[0.27552546100014297,0.2708291340004507,0.27190142099971126,0.27179379500012146,0.2724611500016181,0.2710217029998603,0.27344509000067774,0.27098341599958076,0.2715339810001751,0.2704477070001303],"14b.rb":[0.3447585000012623,0.34122449300048174,0.3432799350011919,0.34083087099861586,0.3439191950001259,0.34176926699910837,0.3408123320004961,0.3416723929985892,0.34202410800025973,0.3414259849996597],"15a.rb":[15.287825157998668,14.929971674000626,14.514771685000596,14.744335653000235,14.830536277000647,13.387013745999866,13.255225164999501,13.264063708998947,13.030913321999833,13.44921021799928],"15b.rb":[7.9083566360004625,7.884258853000574,7.894955300998845,7.901485762000448,7.90350983099961,8.191718602000037,7.887148396001066,7.899413837001703,7.905677837001349,8.361924659999204],"16a.rb":[0.0574660580005002,0.25391931500053033,0.255954661000942,0.2547239039995475,0.2556321010015381,0.25715964899973187,0.05526172499958193,0.25521860499975446,0.05437737499960349,0.25464456800000335],"16b.rb":[24.877938121000625,24.774587791000158,24.81353375600156,24.807892327000445,24.85751563300073,24.896696550998968,25.217949552999926,24.798678511000617,24.92655011200077,24.76578979899932],"17a.rb":[0.14378005700018548,0.14177641499918536,0.14189529699979175,0.14232188200003293,0.14339919799931522,0.05382045099941024,0.14099268700010725,0.14181595599984576,0.14063340599932417,0.1427084669994656],"17b_no_buffer.rb":[1.5802045479995286,1.5789495980006905,1.5805360979993566,1.5781965249989298,1.575470096000572,1.5717703070004063,1.5734943549996387,1.5753532109993102,1.5783636670003034,1.5736540830002923],"18a.rb":[0.08030979400064098,0.07862429299893847,0.07821556999988388,0.07820726999852923,0.07772334000037517,0.0777170239998668,0.07741791599983117,0.07825265300016326,0.07853546199839911,0.07815292600025714],"18b.rb":[0.08971417100110557,0.0886587810000492,0.0881071610001527,0.08809580600063782,0.08802252799978305,0.0895869110008789,0.08861911799976951,0.08785383000031288,0.08766512100010004,0.08792675000040617],"19.rb":[0.13064419500005897,0.1301148969996575,0.12837408900122682,0.1281725019998703,0.12846502299908025,0.12739023100039049,0.12941697600035695,0.12935838700104796,0.1281819429987081,0.12848461799876532],"20a.rb":[3.0741348689989536,3.0671232969998528,3.0735305679991143,3.0714212359998783,3.069603294999979,3.0703637940005137,3.0673210910008493,3.0762314349994995,3.068096738999884,3.0744647669998812],"20b.rb":[2.09970486200109,2.0975517130009393,2.0919494070003566,2.097541895998802,2.096024024000144,2.092448086999866,2.0978926560001128,2.0971769140014658,2.096928728000421,2.0948709190015506],"21.rb":[3.884931349000908,3.896015530999648,3.8834567829999287,3.896300906999386,3.868430404998435,3.879225785000017,3.8804124719990796,3.873729370001456,3.893771011998979,3.903894193001179],"22a.rb":[0.057471767999231815,0.05540724099955696,0.21462445499855676,0.21337515999948664,0.2148031179985992,0.05472815299981448,0.21315617700020084,0.21536359600031574,0.21455502700155193,0.21370227199986402],"22b.rb":[16.896315590000086,16.93305016999875,16.840259517999584,16.858396777000962,17.024923053999373,16.92278459299996,16.826689288000125,16.965130033000605,16.799913609000214,16.858457222999277],