{"1a.rb":[0.1793969520003884,0.17485150500033342,0.17536751399893546,0.17805165800018585,0.17518440499952703,0.17518726399976003,0.17839799299872539,0.17456965100063826,0.17736502999832737,0.17648283800008358],"1b.rb":[0.17709762599952228,0.17590785400170716,0.17622559600022214,0.17896345400004066,0.18075906699959887,0.17648067600021022,0.18687944900011644,0.18543190999844228,0.17733646200031217,0.17555030500079738],"2a.rb":[0.22718402000100468,0.22721824099971855,0.2362266889995226,0.22639985099885962,0.2233797520002554,0.22873016799894685,0.24532017099954828,0.22628302500015707,0.2409910589994979,0.22178481399896555],"2b.rb":[0.20524607700099295,0.19544135599971924,0.20176671300032467,0.19462590900002397,0.1931701189987507,0.19602776099964103,0.19458844200016756,0.19204434399944148,0.19188430900067033,0.2121768390006764],"3a.rb":[0.22849869099991338,0.22693195300053048,0.22985229100049764,0.23152469800152176,0.22422925300088536,0.22159626800021215,0.22360987799947907,0.22185196400096174,0.22332749499946658,0.24191965899990464],"3b.rb":[0.23495444399850385,0.23275654400094936,0.23592094900050142,0.23911684499944386,0.24615690099926724,0.23273741699995298,0.24965397500091058,0.24340737700003956,0.23300136699981522,0.2401981600014551],"4a.rb":[0.2287403619993711,0.22574318399892945,0.22693299499951536,0.2281322849994467,0.22383167800035153,0.2254273769995052,0.22425488400040194,0.2236035969999648,0.22560627199891314,0.22286321299907286],"4b.rb":[0.19541544399908162,0.1975658539995493,0.19490175299870316,0.19336975599981088,0.1974224410005263,0.19449394200091774,0.19320570500167378,0.19544754199887393,0.19440128699898196,0.19282381900120527],"5a.rb":[0.23209250399850134,0.22506106899891165,0.22638237600040156,0.22832074700090743,0.2273407689990563,0.2265213179998682,0.22617323700069392,0.2265128850012843,0.22760507100065297,0.22589301700099895],"5b.rb":[3.5392987659997743,3.545012897999186,3.5777677960013534,3.5448115060007694,3.5661060439997527,3.8075498509988392,3.5719347589983954,3.5681574049995106,3.5727374929992948,3.5339213150000433],"6.rb":[0.22404067600109556,0.22102007800094725,0.22092604000135907,0.22426561499923992,0.22008530200037058,0.22204405099910218,0.22005837600045197,0.22147971999947913,0.2213003500000923,0.2208035399999062],"7a.rb":[0.21558142100002442,0.21591934800017043,0.21414690999881714,0.21328589299992018,0.21672516400030872,0.21338383399961458,0.21450309799911338,0.2141597219997493,0.21331549400019867,0.21434241800125164],"7b.rb":[0.2408682859986584,0.2376114319995395,0.2426501879999705,0.241807203999997,0.23697219499990752,0.23834642299880215,0.2365329029998975,0.2406812320004974,0.2378801039994869,0.23798746700049378],"8a.rb":[0.29519695099952514,0.2946025790006388,0.29446860600000946,0.2937132469996868,0.2940720810001949,0.2930312139997113,0.29404499099837267,0.29294698299963784,0.2954115880002064,0.2929989909989672],"8b.rb":[0.31844779399943945,0.3152781059998233,0.31496473100014555,0.3160333300002094,0.31625161900046805,0.31699223299983714,0.3142386279996572,0.31677357900116476,0.31517621200146095,0.31633266100106994],"9.rb":[0.23165842699927452,0.2318776699994487,0.23075880500073254,0.23208947299826832,0.23200715700113506,0.23105981400112796,0.23091441999895324,0.23391014200024074,0.2318884109990904,0.2295833339994715],"10a.rb":[0.22836877000008826,0.22435674799999106,0.22438679699916975,0.22842537500036997,0.22452877400064608,0.22523547699893243,0.22462903799896594,0.22400006699899677,0.22427800900004513,0.22455455799899937],"10b.rb":[0.2854125229987403,0.28067297999950824,0.2812938810002379,0.2849191490004159,0.2818094110007223,0.28546168899993063,0.2815118769995024,0.28424924699902476,0.2816031509992172,0.28346592699926987],"11.rb":[15.777407964000304,15.772375935001037,15.597646673999407,15.599816199999623,15.775328665000416,15.736155138998583,15.79454232199896,15.759524471000987,15.611604253999758,15.639061608999327],"12a.rb":[0.25307012099983694,0.25173681500018574,0.25355456300167134,0.24932098099998257,0.25357612900006643,0.25247443499938527,0.24956417300018074,0.254296875998989,0.25162325900055293,0.2528064260004612],"12b.rb":[0.18147752699951525,0.1798088560008182,0.18208988399965165,0.17984102599984908,0.17993189499975415,0.18102217900013784,0.17896428600033687,0.17991230000006908,0.17955023600006825,0.18388008699912461],"13a.rb":[0.20083592399896588,0.200625655001204,0.20287231000111206,0.2003389210003661,0.1991247559999465,0.20406353600083094,0.2001207789999171,0.19956297099997755,0.2041180500000337,0.20006018899948685],"13b.rb":[1.984217212000658,1.982454888000575,1.97860263199982,1.9733157830014534,1.9749803960003192,1.9814076610000484,1.978277264001008,1.9805197870009579,1.97630612499961,1.9805508660010673],"14a.rb":[0.31028639299984206,0.3093255730000237,0.30587953299982473,0.3101219800009858,0.30615221100015333,0.3103465519998281,0.3061682289990131,0.3094972399994731,0.30586975000005623,0.30921445000058156],"14b.rb":[0.3087578400009079,0.3075474849993043,0.3058275679995859,0.3084345190000022,0.30440110200106574,0.30631286400057434,0.30582895999941684,0.3083283890009625,0.30720651499905216,0.30631016199913574],"15a.rb":[15.128967104001276,14.686507999000241,15.244524705998629,15.082856515000458,14.825544876001004,15.296957391999968,15.109528340999532,14.677556224,15.156245301999661,14.67568533100166],"15b.rb":[8.41377490800005,8.398183305000202,8.395331101999545,8.384996373999456,8.420292943999812,8.387821277001422,8.414315386000453,8.404827664999175,8.415256076999867,8.4052798419998],"16a.rb":[0.3110198300000775,0.31092046100093285,0.31012072500016075,0.31442509000044083,0.3105109820007783,0.311748276999424,0.3099708739991911,0.3116890900000726,0.30907097899944347,0.3133294660001411],"16b.rb":[21.941056476000085,22.52065343399954,21.94965698699889,21.889469789999566,22.218061984998712,22.37366336500054,22.29758922899964,21.986857535001036,22.465639736999947,21.82895161200031],"17a.rb":[0.23943767700075114,0.23908233099973586,0.2409080970010109,0.24021881700173253,0.2402062940000178,0.23778580100042745,0.23902950399860856,0.24150383099913597,0.23803090399997018,0.23912194700096734],"17b_no_buffer.rb":[2.405852854000841,2.4120427680009016,2.410046623999733,2.4084765240004344,2.4081724360003136,2.404468157001247,2.4114164500006154,2.4323381689991947,2.406437035999261,2.4113575190003758],"18a.rb":[0.16449918000034813,0.16408968799987633,0.16903617900061363,0.16768525899897213,0.16371799700027623,0.1631804819990066,0.16426484000112396,0.16489206299957004,0.16340488199966785,0.16265334700074163],"18b.rb":[0.19666261599923018,0.18268038200039882,0.1827138289991126,0.18200705400158768,0.18217178600025363,0.18292774599831318,0.18259885999941616,0.18598870299865666,0.1827089310008887,0.18262475300070946],"19.rb":[0.18926856500002032,0.18483150000065507,0.18490024200036714,0.18816555500052345,0.18677380699955393,0.18686864000119385,0.18695296599980793,0.1882751349985483,0.18641071300044132,0.18475717799992708],"20a.rb":[3.9077876350002043,3.906058935999681,3.9157849109997187,3.894789378000496,3.9004385939988424,3.927300078999906,3.907276649999403,3.9023236869998073,3.9058843179991527,3.908546438000485],"20b.rb":[2.3890162740008236,2.400926973999958,2.3973822540010588,2.393478571999367,2.3898622609995073,2.390540903999863,2.3897656239987555,2.3889952750014345,2.3933376770000905,2.4037866150010814],"21.rb":[3.7104552580003656,3.710645499000748,3.707223060000615,3.7059416730007797,3.7054857140010427,3.614742751000449,3.699540599000102,3.7052595850000216,3.6985339610000665,3.712394640000639],"22a.rb":[0.26266493299954163,0.2610153139994509,0.26108816799933265,0.2598288210010651,0.2621326410007896,0.26086067200049,0.2615105790009693,0.262000373999399,0.2609860070006107,0.26042984199921193],"22b.rb":[18.40737653600081,17.993555492001178,18.454680448001454,18.09530422699936,17.992268079000496,18.45362268899953,18.088744414000757,18.223516809999637,18.25439973000175,17.85658524000064],